x,y
21.jpg,Image
18.jpg,Image
15.jpg,Image
15274392763_3f6c6e9bf6_b.jpg,Image
17.jpg,Image
2.jpg,Image
19.jpg,Image
14.jpg,Image
10.jpg,Image
11.jpg,Image
13.jpg,Image
11986761506_37c4f1467a_b.jpg,Image
12954644674_3ae7f8aab4_b.jpg,Image
14000929000_7d84dcabb1_b.jpg,Image
14492702447_ac0d93d440_b.jpg,Image
11986238043_f841e0e286_b.jpg,Image
1.jpg,Image
sx (6).jpg,Image
sx (3).jpg,Image
sx (5).jpg,Image
images (8).jpg,Image
images (5).jpg,Image
images (9).jpg,Image
sx (1).jpg,Image
images (6).jpg,Image
images (13).jpg,Image
images (14).jpg,Image
images (11).jpg,Image
images (15).jpg,Image
images (16).jpg,Image
images (12).jpg,Image
images (10).jpg,Image
heifehaf.jpg,Image
d (9).jpg,Image
images (1).jpg,Image
d (7).jpg,Image
d (4).jpg,Image
d (8).jpg,Image
d (6).jpg,Image
d (2).jpg,Image
6.jpg,Image
7.jpg,Image
44.jpg,Image
43.jpg,Image
5.jpg,Image
d (1).jpg,Image
8.jpg,Image
9.jpg,Image
5549202.jpg,Image
42.jpg,Image
38423900835_19c191e093_b.jpg,Image
4.jpg,Image
40232533654_85a0d502c5_b.jpg,Image
41.jpg,Image
39.jpg,Image
40.jpg,Image
38.jpg,Image
37392498576_af4cf6c431_b.jpg,Image
36.jpg,Image
29974383773_3976a2cc70.jpg,Image
3.jpg,Image
33.jpg,Image
34455945372_3a482ba7db_b.jpg,Image
35.jpg,Image
34.jpg,Image
32.jpg,Image
30.jpg,Image
29.jpg,Image
23.jpg,Image
22.jpg,Image
24250124036_8bd68c07ee_b.jpg,Image
22151945481_92bf0fef96_b.jpg,Image
25.jpg,Image
28.jpg,Image
27.jpg,Image
24.jpg,Image
다운로드 (3).jpg,Image
다운로드.jpg,Image
다운로드 (4).jpg,Image
캡처.JPG,Image
다운로드 (2).jpg,Image
다운로드 (1).jpg,Image
yghuyfuoj.jpg,Image
sx (8).jpg,Image
